{
    "tag": "p_hat_mao_a03_e12",
    "version": "1.2",
    "requirement": {
        "faceDetect": true,
        "matting": false,
        "faceTrack": true
    },
    "content": {
        "particles": [
            {
                "id": 1,
                "name": "mao_a02_e121",
                "attachType": 1,
                "position": [
                    -0.0003,
                    -1.677,
                    1.37
                ],
                "rotation": [
                    1,
                    2,
                    3,
                    4
                ],
                "textureBlockSize": 5,
                "triggerType": 0,
                "positionType": 1,
                "enable": true,
                "triggerStop": true,
                "particlePath": "p_hat_mao_a02_e12/particle01.particle",
                "renderer": {
                    "type": "quat",
                    "material": "p_hat_mao_a02_e12/particle01_material.mtl"
                }
            },
			{
                "id": 2,
                "name": "mao_a02_e121",
                "attachType": 1,
                "position": [
                    -0.0003,
                    -1.677,
                    1.37
                ],
                "rotation": [
                    1,
                    2,
                    3,
                    4
                ],
                "textureBlockSize": 5,
                "triggerType": 0,
                "positionType": 1,
                "enable": true,
                "triggerStop": true,
                "particlePath": "p_hat_mao_a02_e12/particle02.particle",
                "renderer": {
                    "type": "quat",
                    "material": "p_hat_mao_a02_e12/particle01_material.mtl"
                }
            },
			{
                "id": 3,
                "name": "p_huxu_xt_a01_e12",
                "attachType": 1,
                "position": [
                    -0.0003,
                    -1.677,
                    1.37
                ],
                "rotation": [
                    1,
                    2,
                    3,
                    4
                ],
                "textureBlockSize": 5,
                "triggerType": 0,
                "positionType": 1,
                "enable": true,
                "triggerStop": true,
                "particlePath": "p_hat_mao_a02_e12/particle03.particle",
                "renderer": {
                    "type": "quat",
                    "material": "p_hat_mao_a02_e12/particle01_material.mtl"
                }
            },
			{
                "id": 4,
                "name": "p_huxu_xt_a01_e121",
                "attachType": 1,
                "position": [
                    -0.0003,
                    -1.677,
                    1.37
                ],
                "rotation": [
                    1,
                    2,
                    3,
                    4
                ],
                "textureBlockSize": 5,
                "triggerType": 0,
                "positionType": 1,
                "enable": true,
                "triggerStop": true,
                "particlePath": "p_hat_mao_a02_e12/particle04.particle",
                "renderer": {
                    "type": "quat",
                    "material": "p_hat_mao_a02_e12/particle01_material.mtl"
                }
            }
        ]
    }
}