{
    "faceID": [
        0,
        1,
        2,
        3,
        4,
        5
    ],
    "faceSDKType": 2,
    "filters": [
        {
            "filterType": "lips_seg",
            "intensity": 0.2,
            "lookup_resources": {
                "imageCount": 1,
                "imageInterval": 0.05,
                "name": "06_z_lut",
                "path": "06_z_lut_1537513449/"
            },
            "rect": {
                "height": 1280,
                "width": 1280,
                "x": 0,
                "y": 0
            },
            "zPosition": 5000
        }
    ],
    "standardFaceKeyPoints": "mask/texcoord.txt",
    "standardFaceSize": {
        "height": 1280,
        "width": 1280
    },
    "version": "1.1"
}
