{
    "parts": {
        "light_1": {
            "blendMode": 1004,
            "enable": true,
            "frameCount": 49,
            "height": 889,
            "position": {
                "positionX": [
                    {
                        "index": 106,
                        "x": 2.842170943040401e-14,
                        "y": 5.684341886080802e-14
                    },
                    {
                        "index": 107,
                        "x": 497.0144644856523,
                        "y": 5.684341886080802e-14
                    }
                ],
                "positionY": [
                ]
            },
            "positionRelationType": 1,
            "positionType": 1,
            "rotateCenter": [
                {
                    "x": 0,
                    "y": 0
                }
            ],
            "scale": {
                "scaleX": {
                    "pointA": [
                        {
                            "index": 74,
                            "x": 170.09729842344873,
                            "y": 414.49529238726865
                        }
                    ],
                    "pointB": [
                        {
                            "index": 77,
                            "x": 325.54172823318595,
                            "y": 414.64863722641337
                        }
                    ]
                },
                "scaleY": {
                    "pointA": [
                    ],
                    "pointB": [
                    ]
                }
            },
            "triggerDelay": 0,
            "triggerDisappear": false,
            "triggerLoop": 0,
            "triggerRestart": false,
            "triggerStop": false,
            "triggerType": 0,
            "width": 500,
            "zPosition": 5000
        }
    },
    "version": "1.1"
}
