{
    "parts": {
        "zaodian-0000": {
            "alphaFactor": 0.75,
            "blendMode": 21,
            "enable": true,
            "frameCount": 1,
            "height": 1536,
            "position": {
                "positionX": [
                    {
                        "index": 106,
                        "x": 0,
                        "y": 0
                    },
                    {
                        "index": 107,
                        "x": 720,
                        "y": 0
                    }
                ],
                "positionY": [
                ]
            },
            "positionRelationType": 1,
            "positionType": 1,
            "rotateCenter": [
                {
                    "x": 0,
                    "y": 0
                }
            ],
            "scale": {
                "scaleX": {
                    "pointA": [
                        {
                            "index": 74,
                            "x": 246.41145,
                            "y": 600.458602
                        }
                    ],
                    "pointB": [
                        {
                            "index": 77,
                            "x": 471.596022,
                            "y": 600.680745
                        }
                    ]
                },
                "scaleY": {
                    "pointA": [
                    ],
                    "pointB": [
                    ]
                }
            },
            "triggerDelay": 0,
            "triggerDisappear": false,
            "triggerLoop": 0,
            "triggerRestart": false,
            "triggerStop": false,
            "triggerType": 0,
            "width": 808,
            "zPosition": 5000
        }
    },
    "version": "1.1"
}
