{
    "parts": {
        "frame": {
            "blendMode": 1015,
            "enable": true,
            "frameCount": 20,
            "height": 960,
            "position": {
                "positionX": [
                    {
                        "index": 106,
                        "x": 0,
                        "y": 0
                    },
                    {
                        "index": 107,
                        "x": 538.8694273612076,
                        "y": 0
                    }
                ],
                "positionY": [
                ]
            },
            "positionRelationType": 1,
            "positionType": 1,
            "rotateCenter": [
                {
                    "x": 0,
                    "y": 0
                }
            ],
            "scale": {
                "scaleX": {
                    "pointA": [
                        {
                            "index": 74,
                            "x": 184.4216624399234,
                            "y": 449.40108751923793
                        }
                    ],
                    "pointB": [
                        {
                            "index": 77,
                            "x": 352.95649766800483,
                            "y": 449.5673459514633
                        }
                    ]
                },
                "scaleY": {
                    "pointA": [
                    ],
                    "pointB": [
                    ]
                }
            },
            "triggerDelay": 0,
            "triggerDisappear": false,
            "triggerLoop": 0,
            "triggerRestart": false,
            "triggerStop": false,
            "triggerType": 0,
            "width": 540,
            "zPosition": 5000
        },
        "zaodian_1": {
            "blendMode": 1021,
            "enable": true,
            "frameCount": 20,
            "height": 960,
            "position": {
                "positionX": [
                    {
                        "index": 106,
                        "x": 0,
                        "y": 0
                    },
                    {
                        "index": 107,
                        "x": 537.0453134526234,
                        "y": 0
                    }
                ],
                "positionY": [
                ]
            },
            "positionRelationType": 1,
            "positionType": 1,
            "rotateCenter": [
                {
                    "x": 0,
                    "y": 0
                }
            ],
            "scale": {
                "scaleX": {
                    "pointA": [
                        {
                            "index": 74,
                            "x": 183.7973811160631,
                            "y": 447.8798307311306
                        }
                    ],
                    "pointB": [
                        {
                            "index": 77,
                            "x": 351.7617131361115,
                            "y": 448.0455263659449
                        }
                    ]
                },
                "scaleY": {
                    "pointA": [
                    ],
                    "pointB": [
                    ]
                }
            },
            "triggerDelay": 0,
            "triggerDisappear": false,
            "triggerLoop": 0,
            "triggerRestart": false,
            "triggerStop": false,
            "triggerType": 0,
            "width": 540,
            "zPosition": 4999
        }
    },
    "version": "1.1"
}
